Timestamp,Thermocouple Reading (°C)
7,97.46122228
8,97.51927225
9,97.33
10,97.39580266
11,97.71923353
12,98.0685172
13,98.39481036
14,98.08142054
15,97.87175046
16,98.21691014
17,98.30724111
18,98.1122967
19,97.890643
20,97.96575396
21,98.10400157
22,98.57042021
23,99.01757423
24,100.1460117
25,98.9959059
26,99.81807176
27,100.15985
28,99.30204881
29,99.04247003
30,99.17433032
31,99.93
32,99.01
33,100.3817356
34,101.2362841
35,100.1040363
36,99.50678302
37,99.98364975
38,101.3521275
39,99.19
40,100.0242391
41,98.77370262
42,98.13165212
43,97.15
44,96.48
45,96.06707984
46,95.96210366
47,95.72
48,95.16526284
49,94.84632323
50,94.87485584
51,94.47082777
52,94.06134382
53,93.52451284
54,93.1712859
55,92.96755792
56,92.83282086
57,92.68
58,92.46
59,91.83
60,91.2679633
61,91.02347487
62,91.09792219
63,90.80703692
64,90.58969581
65,89.93776627
66,89.69981648
67,89.66766249
68,89.38104702
69,89.22213349
70,88.83636416
71,88.59160769
72,88.23575521
73,88.07551887
74,88.12097198
75,87.63479197
76,87.41812121
77,87.45
78,87.13536689
79,86.77
80,86.80857374
81,86.6672169
82,86.18581617
83,85.97
84,86.02
85,85.7907347
86,85.33604772
87,85.11629208
88,84.88416136
89,84.99
90,84.72131005
91,84.36443367
92,84.16077864
93,84.26
94,83.78651609
95,83.82504181
96,83.73927664
97,83.28249829
98,83.19261489
99,83.22884322
100,83.00
101,82.6253749
102,82.40298839
103,82.53137544
104,82.10
105,81.89
106,82.02288726
107,81.61759399
108,81.52727757
109,81.59650477
110,81.17152517
111,80.94
112,81.04912489
113,80.66543396
114,80.62509483
115,80.63151241
116,80.23775806
117,80.05211793
118,80.15158386
119,79.88114921
120,79.61
121,79.66022397
122,79.50805445
123,79.14551547
124,79.28026296
125,78.85631827
126,78.69957742
127,78.78848864
128,78.66795451
129,78.26144697
130,78.10746316
131,78.23578288
132,78.06667606
133,77.68997344
134,77.63039841
135,77.64827089
136,77.26012109
137,77.28028452
138,77.2702028
139,76.95217285
140,76.76
141,76.90543106
142,76.75420823
143,76.40823173
144,76.20568815
145,76.39
146,75.98160821
147,75.96511156
148,76.02651577
149,75.62326526
150,75.5018322
151,75.64755189
152,75.43584597
153,75.11049724
154,75.28233637
155,75.06971407
156,74.85846622
157,74.72053623
158,74.90658128
159,74.45521488
160,74.34386197
161,74.46
162,74.28520682
163,73.94518828
164,73.93
165,74.01
166,73.63128618
167,73.56713051
168,73.65
169,73.45164983
170,73.15377995
171,72.99613608
172,73.11528565
173,73.0983298
174,72.75187676
175,72.61347669
176,72.72987949
177,72.42833012
178,72.23768146
179,72.33988049
180,72.35179602
181,72.11119182
182,71.82750178
183,71.94024535
184,71.87791571
185,71.4654311
186,71.51034689
187,71.49430556
188,71.17118173
189,71.11388912
190,71.18034852
191,71.16293162
192,70.78
193,70.82833725
194,70.79762726
195,70.53131646
196,70.40251237
197,70.25720412
198,70.47310277
199,70.13252099
200,69.94640912
201,70.11556025
202,70.02754715
203,69.92944794
204,69.59434159
205,69.71261631
206,69.66
207,69.28
208,69.20878781
209,69.38758496
210,69.12167964
211,68.91903369
212,69.12122117
213,69.04236428
214,68.66732121
215,68.87043432
216,68.62605582
217,68.41513903
218,68.29408748
219,68.42109984
220,68.40917823
221,68.25465343
222,68.06
223,67.87359519
224,68.01
225,67.88230802
226,67.5966107
227,67.57
228,67.72226452
229,67.55900564
230,67.28888258
231,67.16
232,67.1095563
233,67.29576197
234,67.21641909
235,66.90362049
236,66.95315602
237,66.96553982
238,66.66
239,66.54447115
240,66.76005604
241,66.70180331
242,66.3995186
243,66.23437666
244,66.46970194
245,66.24538633
246,66.03849135
247,66.19767755
248,66.19354888
249,65.87
250,65.70266565
251,65.92334122
252,65.79121264
253,65.48931869
254,65.56
255,65.64806831
256,65.30670251
257,65.22548591
258,65.36359896
259,65.32276208
260,65.07819021
261,64.92
262,64.82442373
263,64.95199755
264,64.96484646
265,64.65049373
266,64.49720785
267,64.63580795
268,64.68215973
269,64.29480489
270,64.27736371
271,64.41138312
272,64.34070231
273,64.02399727
274,63.92255344
275,64.0740295
276,63.99370216
277,63.73480512
278,63.60351247
279,63.82936921
280,63.77
281,63.48369168
282,63.32392349
283,63.52960057
284,63.51031892
285,63.18848133
286,63.05441061
287,63.18159428
288,63.21097891
289,63.00849462
290,62.79038401
291,62.83997688
292,62.95431284
293,62.64894789
294,62.51714896
295,62.65
296,62.68384834
297,62.33849898
298,62.25582939
299,62.40279589
300,62.40555144
301,62.09507602
302,62.01607383
303,62.1520297
304,62.16259356
305,62.1460588
306,61.82912362
307,61.69
308,61.86954637
309,61.83096103
310,61.74689824
311,61.5208804
312,61.39959467
313,61.61275986
314,61.41337741
315,61.21214213
316,61.35
317,61.40
318,61.09681539
319,60.94839931
320,61.18595284
321,61.19560156
322,61.04351524
323,60.78067419
324,60.69
325,60.68
326,60.74
327,60.7834314
328,60.66348978
329,60.39371501
330,60.32753067
331,60.57203619
332,60.52148251
333,60.31
334,60.13494247
335,60.0908151
336,60.29259934
337,60.17309361
338,59.92441087
339,60.03749345
340,60.09908904
341,59.75799505
342,59.68535685
343,59.62834808
344,59.86878699
345,59.76121314
346,59.50237218
347,59.42466831
348,59.61961275
349,59.61041762
350,59.2844269
351,59.19935827
352,59.35937665
353,59.40811567
354,59.09359283
355,58.98
356,59.2021173
357,59.17866542
358,59.10279002
359,58.89
360,58.68841925
361,58.66910152
362,58.8337567
363,58.90
364,58.52881299
365,58.45981533
366,58.39817557
367,58.66
368,58.49753432
369,58.28409141
370,58.26108984
371,58.4979943
372,58.29605213
373,58.1557395
374,58.03
375,57.93398078
376,58.03244083
377,58.15021882
378,57.96940852
379,57.80836854
380,57.98183109
381,57.98
382,57.65743985
383,57.60
384,57.82447309
385,57.78628209
386,57.46692276
387,57.43056605
388,57.38500421
389,57.47796771
390,57.53503234
391,57.33069684
392,57.1447522
393,57.09734279
394,57.31873062
395,57.29
396,56.94221877
397,56.92886926
398,57.04624985
399,57.09504133
400,56.96753656
401,56.71
402,56.65725628
403,56.82805454
404,56.86166001
405,56.57668593
406,56.46157969
407,56.69500811
408,56.71250261
409,56.38468494
410,56.52419833
411,56.50025615
412,56.52005451
413,56.31837804
414,56.13694336
415,56.27
416,56.32206182
417,56.03885097
418,56.00200746
419,56.21891343
420,56.1134569
421,55.81823977
422,55.76434961
423,55.97
424,55.98450654
425,55.75
426,55.59253564
427,55.56397522
428,55.67268675
429,55.7099973
430,55.72105213
431,55.54140296
432,55.35712939
433,55.2649857
434,55.50501038
435,55.53449303
436,55.22213732
437,55.16131853
438,55.24563494
439,55.36219715
440,55.08390988
441,55.00142917
442,55.22259806
443,55.03783173
444,54.84521241
445,54.8318481
446,55.0594886
447,55.01433143
448,54.76686852
449,54.66317281
450,54.60463968
451,54.79958903
452,54.66916428
453,54.75258191
454,54.56
455,54.43456005
456,54.35297134
457,54.62
458,54.32577426
459,54.23772658
460,54.1690371
461,54.35204941
462,54.34790072
463,54.39261378
464,54.23
465,54.02611742
466,53.9463539
467,54.17917934
468,54.15658972
469,54.051475
470,53.79373249
471,53.76237657
472,53.9140786
473,53.99246043
474,53.81771017
475,53.61250575
476,53.79419361
477,53.82
478,53.54425251
479,53.40589293
480,53.69
481,53.53687362
482,53.40404806
483,53.26890576
484,53.24722664
485,53.45616489
486,53.45201405
487,53.16696529
488,53.34593359
489,53.38237068
490,53.30626701
491,53.04518209
492,52.93953715
493,53.13
494,53.20
495,53.02303873
496,52.85372451
497,52.7997433
498,53.00827632
499,53.01104429
500,52.69269839
501,52.82650344
502,52.88832692
503,52.73145683
504,52.53627103
505,52.47535719
506,52.70561797
507,52.67055029
508,52.46012838
509,52.28106367
510,52.27921754
511,52.52981058
512,52.50166117
513,52.44397645
514,52.19890877
515,52.08443874
516,52.12690438
517,52.25
518,52.24137137
519,52.03504793
520,51.86978529
521,51.83239107
522,52.06135911
523,52.06735985
524,51.87717169
525,51.73128376
526,51.64586842
527,51.84531757
528,51.8753251
529,51.66756897
530,51.53736114
531,51.73774744
532,51.7391325
533,51.52350861
534,51.61631824
535,51.37389339
536,51.32632752
537,51.29
538,51.50319133
539,51.49626493
540,51.23811897
541,51.13974434
542,51.07369587
543,51.30877857
544,51.31
545,51.10187074
546,50.95775777
547,50.92265128
548,50.98177754
549,51.1536003
550,51.09632818
551,51.09401878
552,51.03258735
553,50.80069612
554,50.68
555,50.64870043
556,50.77990733
557,50.89308729
558,50.82333247
559,50.77528757
560,50.4883723
561,50.47543441
562,50.44
563,50.61127665
564,50.57338991
565,50.63114371
566,50.6024981
567,50.39641849
568,50.52
569,50.22635836
570,50.24807907
571,50.41
572,50.39641849
573,50.1926213
574,50.01791578
575,49.98879619
576,50.15749698
577,50.23375268
578,50.11035513
579,49.92269721
580,49.83440653
581,49.8459632
582,50.09001897
583,50.04934581
584,49.8709253
585,49.66
586,49.67722672
587,49.83440653
588,49.90328296
589,49.75119579
590,49.5325139
591,49.49691141
592,49.68878464
593,49.72946777
594,49.44327485
595,49.34062003
596,49.32859692
597,49.45945851
598,49.57273903
599,49.48535198
600,49.51032024
601,49.32
602,49.16257521
603,49.08256347
604,49.28050346
605,49.3332212
606,49.15055061
607,48.98959624
608,48.92668961
609,48.9044866
610,48.92391425
611,49.1158637
612,49.12
613,48.90402404
614,48.7217612
615,48.72222383
616,48.87488206
617,48.9322403
618,48.92067633
619,48.8813581
620,48.58342933
621,48.53345996
622,48.68336274
623,48.76894824
624,48.64264998
625,48.41870877
626,48.34559626
627,48.33356472
628,48.42379874
629,48.24193653
630,48.48441423
631,48.48765315
632,48.41454424
633,48.24
634,48.11235101
635,48.09291214
636,48.34096876
637,48.32
638,48.01885681
639,47.96284983
640,48.0572735
641,48.19612017
642,48.16187261
643,47.92720784
644,47.782316
645,47.79
646,47.74065098
647,47.94294598
648,47.99201077
649,47.97
650,47.74852114
651,47.62814911
652,47.63324199
653,47.88462141
654,47.83508987
655,47.68416972
656,47.48
657,47.61
658,47.6989847
659,47.64157575
660,47.3984869
661,47.33041424
662,47.57073718
663,47.59
664,47.31374286
665,47.21695221
666,47.34893775
667,47.45914742
668,47.19935316
669,47.07893248
670,47.16739641
671,47.18684844
672,47.33874985
673,47.300313
674,47.28456746
675,47.03770907
676,46.995558
677,46.85658902
678,47.09931212
679,47.11089132
680,47.01454931
681,46.79497482
682,46.74725661
683,46.69999999
684,46.67081125
685,46.71297256
686,46.88021476
687,46.67127456
688,46.77922337
689,46.84083829
690,46.74818319
691,46.4826906
692,46.46600866
693,46.44330235
694,46.68841723
695,46.65598497
696,46.5183707
697,46.32049616
698,46.31030041
699,46.47991029
700,46.56841391
701,46.49195825
702,46.21
703,46.25
704,46.10683241
705,46.23429327
706,46.27090702
707,46.34320458
708,46.33857024
709,46.03591245
710,46.02432385
711,45.92882991
712,45.92141262
713,46.07994817
714,46.1652342
715,46.14484022
716,46.1012702
717,45.90147842
718,45.72715708
719,45.72159324
720,45.9334657
721,45.96452507
722,45.72993898
723,45.59
724,45.76
725,45.83101091
726,45.86160911
727,45.84
728,45.59593699
729,45.52730775
730,45.4582111
731,45.62978655
732,45.69887401
733,45.68589142
734,45.64694284
735,45.41693684
736,45.29542514
737,45.32139807
738,45.51014987
739,45.50504883
740,45.26
741,45.16184173
742,45.12705209
743,45.42296575
744,45.32278947
745,45.19894963
746,45.03056386
747,44.97906955
748,45.24904359
749,45.25832004
750,45.13911261
751,45.04494478
752,45.02917215
753,44.89
754,44.87143507
755,44.7916312
756,45.02360529
757,44.98973972
758,44.82179023
759,45.00504892
760,44.98
761,44.83153376
762,44.67887644
763,44.67284401
764,44.7916312
765,44.92989286
766,44.79209519
767,44.59163539
768,44.54383588
769,44.7224947
770,44.72806288
771,44.7549754
772,44.75311939
773,44.50346011
774,44.43477192
775,44.45844192
776,44.35958188
777,44.53594646
778,44.61205405
779,44.33451753
780,44.29
781,44.28624404
782,44.40831668
783,44.46493949
784,44.41249386
785,44.20918825
786,44.13630581
787,44.2133661
788,44.39532092
789,44.27556792
790,44.02070643
791,44.00724235
792,44.21104507
793,44.17019435
794,43.93156221
795,43.87584382
796,43.88373741
797,43.90277469
798,44.11170122
799,44.02627773
800,43.76765011
801,43.76
802,43.83776814
803,44.00863519
804,43.94
805,43.69241971
806,43.65851809
807,43.69149091
808,43.88
809,43.88327308
810,43.72910671
811,43.52940475
812,43.49689205
813,43.4704168
814,43.45508875
815,43.6408703
816,43.70913797
817,43.48202882
818,43.38680697
819,43.33803193
820,43.37844567
821,43.44719242
822,43.58513879
823,43.47970643
824,43.24140515
825,43.21074314
826,43.38262633
827,43.46
828,43.43232858
829,43.19866395
830,43.11875245
831,43.05835075
832,43.03930036
833,43.2971523
834,43.32548946
835,43.24
836,43.06950206
837,42.94822607
838,43.01560312
839,43.19587643
840,43.17218223
841,42.98447074
842,42.812996
843,42.82647321
844,43.04115895
845,43.08437031
846,42.80
847,42.73491815
848,42.76
849,42.86876281
850,42.96402516
851,42.9472967
852,42.85296247
853,42.64521533
854,42.56154865
855,42.68565214
856,42.80602497
857,42.81113706
858,42.69308865
859,42.47369236
860,42.64475053
861,42.71446835
862,42.64428573
863,42.68146908
864,42.65358167
865,42.63777852
866,42.52575612
867,42.30818898
868,42.38257535
869,42.48763823
870,42.50623248
871,42.50995129
872,42.34026867
873,42.13289778
874,42.19102106
875,42.3951276
876,42.42209123
877,42.20915494
878,42.16870205
879,42.05524066
880,42.03710443
881,42.07709677
882,42.2347279
883,42.21984915
884,42.25472092
885,42.24635179
886,42.12964279
887,41.93990815
888,41.85107588
889,41.87805183
890,41.90270173
891,42.11476274
892,41.88921411
893,41.80
894,41.73711898
895,41.88409808
896,41.72642042
897,41.69013763
898,41.67804312
899,41.76595809
900,41.9133987
901,41.82689003
902,41.65617966
903,41.5007978
904,41.5896564
905,41.64
906,41.8013083
907,41.79433137
908,41.52266415
909,41.4542723
910,41.43193941
911,41.47846579
912,41.582213
913,41.61338191
914,41.61570791
915,41.45845967
916,41.36772998
917,41.24721148
918,41.27280525
919,41.3337627
920,41.29607182
921,41.49149285
922,41.50
923,41.41146722
924,41.23511242
925,41.12761138
926,41.18531879
927,41.0424412
928,41.07
929,41.04383748
930,41.30119041
931,41.29421052
932,41.10759927
933,40.94190446
934,41.15646544
935,41.21649822
936,41.21696358
937,41.00287916
938,40.85718621
939,40.88278853
940,41.01777326
941,41.11597647
942,41.01079168
943,40.83577293
944,40.78316906
945,40.74452931
946,40.83949701
947,41.00939535
948,40.99450115
949,40.96052303
950,40.80272122
951,40.74452931
952,40.56434864
953,40.56155492
954,40.66491805
955,40.79341071
956,40.84368658
957,40.81342822
958,40.5946135
959,40.48
960,40.61510003
961,40.71473392
962,40.73195947
963,40.71985506
964,40.59368228
965,40.49729751
966,40.38460559
967,40.33384406
968,40.36644347
969,40.5946135
970,40.60439121
971,40.40509585
972,40.36318357
973,40.22206768
974,40.2025057
975,40.38088005
976,40.47075536
977,40.44654094
978,40.36504637
979,40.13
980,40.12984399
981,40.35992366
982,40.38041436
983,40.13589931
984,40.02224032
985,40.02876204
986,40.25280727
987,40.26724528
988,40.22905403
989,40.06882324
990,39.93698869
991,40.17968297
992,40.18946419
993,40.13124138
994,40.02783037
995,39.86337834
996,39.8293669
997,40.08885331
998,40.10049854
999,39.9779848
1000,39.78510391
1001,39.75062419
1002,39.7282584
1003,39.83961703
1004,40.00
1005,39.97146279
1006,39.68259357
1007,39.64904273
1008,39.59079239
1009,39.74177112
1010,39.88667326
1011,39.86058292
1012,39.5982486
1013,39.61921893
1014,39.53114096
1015,39.46309722
1016,39.6895832
1017,39.56842347
1018,39.73012224
1019,39.7627388
1020,39.75
1021,39.54978237
1022,39.42
1023,39.36288841
1024,39.33865053
1025,39.31953953
1026,39.38
1027,39.57401574
1028,39.59964663
1029,39.50644062
1030,39.45657227
1031,39.27572284
1032,39.19554325
1033,39.1964756
1034,39.27385827
1035,39.46216509
1036,39.47847733
1037,39.25940769
1038,39.15545132
1039,39.14379642
1040,39.25008464
1041,39.26
1042,39.35682899
1043,39.34983731
1044,39.32839588
1045,39.09204722
1046,39.0640737
1047,38.96709344
1048,38.96849225
1049,38.97595256
1050,39.13726962
1051,39.24262614
1052,39.21185932
1053,39.1563837
1054,38.90134727
1055,38.87616687
1056,38.90181357
1057,39.13120899
1058,39.13633722
1059,39.10976343
1060,38.85425014
1061,38.77217517
1062,38.76424716
1063,38.84
1064,39.0430931
1065,38.99460311
1066,38.97408749
1067,38.73999642
1068,38.6401898
1069,38.85425014
1070,38.95077383
1071,38.92792597
1072,38.9227968
1073,38.83326563
1074,38.63
1075,38.5758238
1076,38.5464381
1077,38.74
1078,38.64905149
1079,38.80948272
1080,38.68076646
1081,38.54410587
1082,38.47646904
1083,38.44568126
1084,38.63179444
1085,38.70035467
1086,38.62433185
1087,38.41209363
1088,38.41582564
1089,38.34771453
1090,38.33
1091,38.51238703
1092,38.56462934
1093,38.60707442
1094,38.43308602
1095,38.28519793
1096,38.24180749
1097,38.29686174
1098,38.50119194
1099,38.3505137
1100,38.2301431
1101,38.18301774
1102,38.16995294
1103,38.18301774
1104,38.41442614
1105,38.39576595
1106,38.35
1107,38.36917464
1108,38.13775686
1109,38.01782996
1110,38.03696313
1111,38.01829662
1112,38.30012758
1113,38.29499554
1114,38.21521251
1115,37.96556205
1116,38.13
1117,38.00616323
1118,37.95949508
1119,37.88668885
1120,37.88808902
1121,37.84328287
1122,38.11395916
1123,38.07802834
1124,37.96
1125,37.80827681
1126,37.79754139
1127,37.94456086
1128,38.04582961
1129,38.04862954
1130,37.77140256
1131,37.71492191
1132,37.68131222
1133,37.66590744
1134,37.64
1135,37.65470382
1136,37.59541615
1137,37.67337645
1138,37.89602325
1139,37.8974234
1140,37.91562523
1141,37.68784751
1142,37.63556406
1143,37.51138094
1144,37.58001017
1145,37.79847491
1146,37.79053998
1147,37.7658013
1148,37.56927255
1149,37.43200848
1150,37.41006332
1151,37.40632793
1152,37.50577836
1153,37.57954332
1154,37.62949528
1155,37.65377018
1156,37.47963264
1157,37.36430393
1158,37.31667479
1159,37.33675399
1160,37.48150021
1161,37.54452892
1162,37.52351975
1163,37.35683283
1164,37.26390677
1165,37.2092682
1166,37.17237395
1167,37.19
1168,37.3325514
1169,37.45301939
1170,37.42
1171,37.32741487
1172,37.32788183
1173,37.07429462
1174,37.06215085
1175,37.06635448
1176,37.0037655
1177,37.01404155
1178,37.02
1179,36.96546302
1180,37.02244915
1181,37.21020221
1182,37.27231247
1183,37.24242526
1184,37.08924061
1185,37.00469969
1186,36.94210719
1187,36.84400729
1188,36.88091257
1189,36.87390534
1190,37.14435218
1191,37.13547847
1192,37.00703516
1193,36.83139381
1194,36.90847393
1195,36.88278116
1196,37.07429462
1197,36.88511689
1198,36.8285908
1199,36.7071199
1200,36.98601574
1201,37.00189712
1202,36.84307297
1203,36.6524536
1204,36.7963556
1205,36.6758156
1206,36.86923382
1207,36.59451369
1208,36.60946622
1209,36.86362798
1210,36.88464975
1211,36.64404316
1212,36.56928083
1213,36.68889811
1214,36.85521916
1215,36.8042977
1216,36.51414033
1217,36.49030756
1218,36.54778571
1219,36.77860248
1220,36.75711148
1221,36.74
1222,36.55292589
1223,36.44731379
1224,36.41833878
1225,36.54
1226,36.64404316
1227,36.66273294
1228,36.63890341
1229,36.4272183
1230,36.30663756
1231,36.31131148
1232,36.38328733
1233,36.56414073
1234,36.55386046
1235,36.54
1236,36.26
1237,36.25569053
1238,36.46647427
1239,36.54217822
1240,36.38141788
1241,36.28840908
1242,36.13
1243,36.14958217
1244,36.32626789
1245,36.35898433
1246,36.38796092
1247,36.43609775
1248,36.40852448
1249,36.3977754
1250,36.16173608
1251,36.09348547
1252,36.02756815
1253,36.08179829
1254,36.01588026
1255,36.20287136
1256,36.28420246
1257,36.31785494
1258,36.22624299
1259,36.03130824
1260,35.98502364
1261,35.98689376
1262,36.2547557
1263,36.22998241
1264,35.94528275
1265,35.90928093
1266,35.89525393
1267,36.04486599
1268,36.13836307
1269,36.16828043
1270,36.06309855
1271,36.08226578
1272,35.81436132
1273,35.79051321
1274,35.81342611
1275,35.86392629
1276,35.99
1277,36.06683852
1278,35.92003485
1279,35.7750818
1280,35.72691569
1281,35.71709516
1282,35.88590249
1283,35.96632223
1284,35.99297164
1285,35.71382162
1286,35.65162263
1287,35.91442412
1288,35.8714076
1289,35.91769705
1290,35.90367015
1291,35.86392629
1292,35.88356462
1293,35.6726678
1294,35.55714815
1295,35.56556701
1296,35.57305038
1297,35.50102079
1298,35.51084329
1299,35.72504512
1300,35.66658813
1301,35.64788123
1302,35.76432645
1303,35.72083632
1304,35.51177876
1305,35.51832704
1306,35.40653315
1307,35.39858085
1308,35.37753034
1309,35.50195627
1310,35.64694587
1311,35.65021961
1312,35.53376211
1313,35.29098505
1314,35.32092583
1315,35.28
1316,35.42851864
1317,35.59129087
1318,35.53750391
1319,35.41074318
1320,35.50850461
1321,35.32139365
1322,35.25355792
1323,35.20957937
1324,35.18852517
1325,35.2105151
1326,35.4584556
1327,35.34
1328,35.14
1329,35.11506621
1330,35.41214651
1331,35.39530635
1332,35.39
1333,35.39670971
1334,35.34104182
1335,35.13939712
1336,35.13986502
1337,35.01820501
1338,35.03177546
1339,35.22735815
1340,35.29706684
1341,35.29659901
1342,35.04160223
1343,34.9671973
1344,34.9601777
1345,35.06687066
1346,35.21987238
1347,35.14922291
1348,35.19788264
1349,35.1880573
1350,35.05844792
1351,34.90
1352,34.87359888
1353,35.10617593
1354,35.18150702
1355,35.16232382
1356,35.0612555
1357,34.86423859
1358,34.78794919
1359,34.79
1360,34.98310822
1361,35.05751205
1362,35.04721749
1363,34.75050456
1364,34.72756907
1365,34.8099473
1366,34.85253811
1367,34.8745349
1368,34.98264025
1369,34.8544102
1370,34.67607947
1371,34.66999418
1372,34.87547093
1373,34.90448726
1374,34.90074326
1375,34.71
1376,34.58947776
1377,34.59603164
1378,34.59649978
1379,34.87266286
1380,34.87687496
1381,34.70978204
1382,34.59837231
1383,34.53283177
1384,34.53189545
1385,34.56092106
1386,34.78654504
1387,34.80433081
1388,34.78982139
1389,34.7135267
1390,34.50567809
1391,34.47524642
1392,34.43357704
1393,34.61896994
1394,34.73646248
1395,34.49022827
1396,34.38394623
1397,34.40220689
1398,34.6091393
1399,34.54266311
1400,34.66484505
1401,34.65688726
1402,34.64892942
1403,34.63348166
1404,34.52627749
1405,34.32588462
1406,34.27859018
1407,34.36521702
1408,34.43779087
1409,34.45651881
1410,34.54500389
1411,34.52440484
1412,34.55670771
1413,34.5300228
1414,34.51644601
1415,34.34695573
1416,34.16760393
1417,34.12217585
1418,34.15
1419,34.14090931
1420,34.44715488
1421,34.43591806
1422,34.40
1423,34.09782186
1424,34.10297372
1425,34.2392546
1426,34.24253262
1427,34.37224051
1428,34.35538406
1429,34.35912996
1430,34.28
1431,34.08049273
1432,34.00
1433,33.97182794
1434,33.97229635
1435,34.00648946
1436,33.91608611
1437,33.96
1438,33.92404941
1439,33.92545469
1440,33.91046493
1441,34.09501175
1442,34.20460063
1443,34.22286435
1444,34.21115687
1445,34.09641681
1446,33.87205269
1447,33.80
1448,33.9526231
1449,34.08517631
1450,34.13013761
1451,34.14
1452,34.13201096
1453,33.91233866
1454,34.08236616
1455,33.91
1456,33.76805166
1457,33.76336669
1458,33.73291388
1459,33.71557882
1460,33.79100771
1461,33.71370474
1462,33.91795983
1463,33.91233866
1464,33.98634844
1465,33.89266431
1466,33.87111579
1467,33.62702505
1468,33.61249966
1469,33.60312833
1470,33.69308967
1471,33.91842826
1472,33.89594339
1473,33.88376389
1474,33.67
1475,33.53143494
1476,33.58860261
1477,33.64
1478,33.82005344
1479,33.7614927
1480,33.62936784
1481,33.53330934
1482,33.49347767
1483,33.76664617
1484,33.78257494
1485,33.65185833
1486,33.46020537
1487,33.45130133
1488,33.4236515
1489,33.67950225
1490,33.62
1491,33.72494916
1492,33.60547117
1493,33.48832287
1494,33.38662771
1495,33.34679054
1496,33.38615904
1497,33.43396169
1498,33.53471514
1499,33.62468226
1500,33.51175356
1501,33.32898051
1502,33.30929538
1503,33.25867482
1504,33.26851789
1505,33.52
1506,33.55017878
1507,33.56611078
1508,33.27133019
1509,33.24
1510,33.20523939
1511,33.25117527
1512,33.34304109
1513,33.4592681
1514,33.42552608
1515,33.26851789
1516,33.40021887
1517,33.17617688
1518,33.14
1519,33.40256215
1520,33.45973674
1521,33.21977034
1522,33.34444714
1523,33.18273945
1524,33.15836399
1525,33.0894534
1526,33.07257666
1527,33.11383044
1528,33.25398761
1529,33.24039458
1530,33.32335622
1531,33.28960989
1532,33.02757069
1533,33.09976683
1534,32.98256283
1535,33.19305198
1536,33.23992585
1537,33.27273633
1538,33.14430096
1539,33.02522658
1540,32.92020502
1541,32.90613885
1542,33.13398796
1543,33.15
1544,33.22
1545,33.1011732
1546,32.87144148
1547,32.88222592
1548,32.85831246
1549,32.84190094
1550,33.08664063
1551,33.17102055
1552,33.1621141
1553,33.01913186
1554,32.82314462
1555,32.8053258
1556,32.78844454
1557,33.07632707
1558,33.11383044
1559,33.08054626
1560,33.07585827
1561,32.97834324
1562,32.79969874
1563,32.72232368
1564,32.74061284
1565,32.69277898
1566,32.71716514
1567,32.84
1568,32.98959543
1569,32.96005818
1570,32.93098897
1571,32.91223421
1572,32.70637903
1573,32.63743909
1574,32.60742302
1575,32.6482259
1576,32.82
1577,32.90848322
1578,32.9089521
1579,32.88128815
1580,32.75092966
1581,32.56849467
1582,32.5525477
1583,32.61914815
1584,32.66088855
1585,32.83627408
1586,32.85315458
1587,32.75139861
1588,32.52112209
1589,32.50939588
1590,32.59382171
1591,32.75468121
1592,32.78187953
1593,32.59429072
1594,32.4165197
1595,32.58162728
1596,32.66745431
1597,32.72560637
1598,32.75233649
1599,32.51736972
1600,32.4165197
1601,32.38743558
1602,32.44091221
1603,32.50939588
1604,32.61914815
1605,32.63274913
1606,32.64916388
1607,32.66276448
1608,32.6561987
1609,32.63415612
1610,32.38180631
1611,32.30956128
1612,32.36116538
1613,32.59663579
1614,32.56708759
1615,32.34803003
1616,32.22605114
1617,32.24200303
1618,32.28751149
1619,32.39165752
1620,32.36538742
1621,32.43528322
1622,32.520184
1623,32.38555916
1624,32.23637298
1625,32.16881006
1626,32.17162526
1627,32.28000508
1628,32.40713781
1629,32.48
1630,32.46014437
1631,32.42730876
1632,32.23168125
1633,32.14065756
1634,32.113912
1635,32.07449626
1636,32.32551191
1637,32.37664611
1638,32.23121207
1639,32.11485046
1640,32.05666485
1641,32.02006258
1642,32.0050459
1643,32.16881006
1644,32.15238786
1645,32.31049956
1646,32.16974846
1647,32.18007084
1648,32.00363808
1649,31.97595048
1650,32.18288602
1651,32.25936216
1652,32.24294137
1653,32.18100924
1654,32.00410735
1655,31.89194468
1656,31.91494135
1657,31.91024819
1658,31.91447203
1659,32.00457663
1660,32.09232737
1661,32.19977693
1662,32.03132495
1663,32.033202
1664,31.83562421
1665,31.8140339
1666,31.84688855
1667,31.98298977
1668,31.87411019
1669,32.08528881
1670,32.10077359
1671,32.0637036
1672,31.96891114
1673,31.82435976
1674,31.78258636
1675,31.77
1676,32.03601757
1677,32.06745758
1678,32.00645373
1679,31.77
1680,31.85674474
1681,31.78399448
1682,31.71311683
1683,31.74456644
1684,32.01
1685,31.99988387
1686,31.71546384
1687,31.67744151
1688,31.68729928
1689,31.68307453
1690,31.65303139
1691,31.92385829
1692,31.95483233
1693,31.93277515
1694,31.75160727
1695,31.66523652
1696,31.58214495
1697,31.70185107
1698,31.81825813
1699,31.91541066
1700,31.82764524
1701,31.58918686
1702,31.56946939
1703,31.58543118
1704,31.87551819
1705,31.87598752
1706,31.829992
1707,31.85158198
1708,31.67884977
1709,31.5370756
1710,31.56993886
1711,31.8196662
1712,31.80136112
1713,31.68025802
1714,31.49341284
1715,31.4300282
1716,31.45397395
1717,31.45303491
1718,31.68589103
1719,31.70842277
1720,31.74832155
1721,31.66007282
1722,31.48167523
1723,31.44880923
1724,31.38730011
1725,31.6394178
1726,31.69480991
1727,31.63425398
1728,31.40514282
1729,31.33048315
1730,31.38354371
1731,31.34597899
1732,31.33236145
1733,31.60514835
1734,31.63425398
1735,31.46946798
1736,31.35302248
1737,31.35490073
1738,31.30888252
1739,31.24407796
1740,31.26192309
1741,31.35443117
1742,31.51407071
1743,31.56101893
1744,31.57322513
1745,31.52862489
1746,31.25065252
1747,31.22623253
1748,31.32907443
1749,31.54975155
1750,31.51360122
1751,31.32813528
1752,31.2191882
1753,31.25159174
1754,31.33893546
1755,31.46993749
1756,31.36523107
1757,31.19993345
1758,31.18631403
1759,31.24736525
1760,31.46195575
1761,31.3882392
1762,31.24266912
1763,31.36335284
1764,31.17598193
1765,31.10882086
1766,31.21449195
1767,31.39293468
1768,31.33001358
1769,31.07923105
1770,31.04588282
1771,31.08721568
1772,31.23374643
1773,31.38025685
1774,31.35
1775,31.24642602
1776,31.18302655
1777,31.08909441
1778,31.03883729
1779,30.98435022
1780,31.00407862
1781,31.05292831
1782,31.0087758
1783,31.23139834
1784,31.08064011
1785,31.28681185
1786,31.28352469
1787,31.11116922
1788,30.94724104
1789,30.9458318
1790,30.92469305
1791,31.09942736
1792,31.21261345
1793,31.2356249
1794,31.22106669
1795,31.09613961
1796,30.89838645
1797,30.9350276
1798,31.16611938
1799,31.18161763
1800,31.00501806
1801,30.86973031
1802,30.87395831
1803,31.1604836
1804,31.11351757
1805,31.16471044
1806,31.15907465
1807,31.08251885
1808,31.11163889
1809,30.99280529
1810,30.94912001
1811,30.94254358
1812,30.84201297
1813,30.80161012
1814,30.75227896
1815,30.9350276
1816,31.07406449
1817,31.06983729
1818,30.92563256
1819,30.73677441
1820,30.76402469
1821,30.887112
1822,30.74194262
1823,30.88147473
1824,30.82650974
1825,30.6789827
1826,30.83449628
1827,30.88758177
1828,31.00219974
1829,30.74335213
1830,30.66817577
1831,30.67146485
1832,30.86879075
1833,30.98716858
1834,30.75979624
1835,30.69307853
1836,30.6522001
1837,30.64045313
1838,30.62588671
1839,30.60145226
1840,30.6221276
1841,30.75650744
1842,30.91388863
1843,30.87536765
1844,30.71845055
1845,30.91294912
1846,30.89368878
1847,30.85845555
1848,30.86174403
1849,30.89415855
1850,30.86409294
1851,30.62823615
1852,30.54
1853,30.5610402
1854,30.62071793
1855,30.84483172
1856,30.8499994
1857,30.82463054
1858,30.67052511
1859,30.49196018
1860,30.5004192
1861,30.76
1862,30.77717974
1863,30.5511719
1864,30.44449442
1865,30.4656428
1866,30.56432961
1867,30.76637382
1868,30.60803082
1869,30.4656428
1870,30.43556498
1871,30.43650492
1872,30.69495796
1873,30.71986009
1874,30.46611275
1875,30.48
1876,30.4115961
1877,30.40783623
1878,30.42334562
1879,30.68133202
1880,30.71657116
1881,30.55258166
1882,30.54506291
1883,30.41018615
1884,30.57795707
1885,30.63951337
1886,30.52814552
1887,30.41065614
1888,30.29926412
1889,30.30443447
1890,30.43885478
1891,30.31524513
1892,30.52626579
1893,30.59393386
1894,30.60145226
1895,30.53472454
1896,30.28798326
1897,30.25225974
1898,30.22781663
1899,30.39655653
1900,30.40172641
1901,30.36553674
1902,30.50840822
1903,30.54929222
1904,30.54506291
1905,30.27670228
1906,30.20008242
1907,30.37681677
1908,30.43603495
1909,30.50840822
1910,30.46376296
1911,30.30443447
1912,30.17516802
1913,30.13144887
1914,30.15213343
1915,30.19115091
1916,30.42240566
1917,30.44026469
1918,30.37822676
1919,30.41770587
1920,30.23063702
1921,30.11358461
1922,30.14978293
1923,30.30866474
1924,30.35801665
1925,30.38950666
1926,30.38903666
1927,30.20572334
1928,30.0947798
1929,30.03977381
1930,30.04964689
1931,30.27576219
1932,30.29503381
1933,30.35378657
1934,30.29597388
1935,30.09242918
1936,30.00498221
1937,30.24050832
1938,30.30208431
1939,30.29550384
1940,30.27435206
1941,30.2452089
1942,29.97959302
1943,29.95373304
1944,29.98335442
1945,30.22499624
1946,30.25413995
1947,30.04212455
1948,30.2212357
1949,30.03366185
1950,29.94715039
1951,29.89824947
1952,30.17328766
1953,30.23909814
1954,30.19585172
1955,30.12815811
1956,29.95232247
1957,29.92693202
1958,29.87755994
1959,29.89401756
1960,30.17469793
1961,30.1008914
1962,30.16435593
1963,30.14414171
1964,30.02190799
1965,30.13897057
1966,29.84699512
1967,29.82818555
1968,29.81219716
1969,29.90671326
1970,30.10277189
1971,30.12674778
1972,29.93868694
1973,29.78445202
1974,29.87755994
1975,29.79714904
1976,29.76893324
1977,29.95561378
1978,30.06140044
1979,30.02049752
1980,29.79950033
1981,29.74447893
1982,29.88226214
1983,29.75247367
1984,29.75059256
1985,29.68663284
1986,30.00404188
1987,30.00216122
1988,29.88649411
1989,29.76611162
1990,29.68145945
1991,29.70638552
1992,29.94715039
1993,29.98053337
1994,29.97818249
1995,29.97065964
1996,29.92270022
1997,29.68710314
1998,29.65229991
1999,29.90154095
2000,29.96454729
2001,29.94338886
2002,29.70544492
2003,29.64524507
2004,29.83
2005,29.77034405
2006,29.91705779
2007,29.87520883
2008,29.61044046
2009,29.62078789
2010,29.57516434
2011,29.63583853
2012,29.59021563
2013,29.79479775
2014,29.5469426
2015,29.55
2016,29.71814289
2017,29.77363593
2018,29.8615723
2019,29.6109108
2020,29.53659444
2021,29.53142033
2022,29.8173699
2023,29.82
2024,29.77786833
2025,29.72801898
2026,29.5723422
2027,29.46885853
2028,29.48955607
2029,29.6052667
2030,29.76281972
2031,29.75341423
2032,29.58927493
2033,29.56481646
2034,29.45521674
2035,29.45051263
2036,29.56105357
2037,29.73789498
2038,29.74588977
2039,29.62455057
2040,29.60855909
2041,29.42840306
2042,29.41993544
2043,29.46086164
2044,29.39
2045,29.57469399
2046,29.69792013
2047,29.70450433
2048,29.72942985
2049,29.5666979
2050,29.71202907
2051,29.61655486
2052,29.66264694
2053,29.35736703
2054,29.35172158
2055,29.36018975
2056,29.51025322
2057,29.65559216
2058,29.60808875
2059,29.6386605
2060,29.63913083
2061,29.58033825
2062,29.60432602
2063,29.47026974
2064,29.36113065
2065,29.49143765
2066,29.38559384
2067,29.32
2068,29.35642613
2069,29.54600187
2070,29.58927493
2071,29.57751612
2072,29.54741297
2073,29.54741297
2074,29.54506113
2075,29.52765732
2076,29.32819854
2077,29.24162923
2078,29.29432444
2079,29.20116505
2080,29.28867865
2081,29.24021771
2082,29.4655657
2083,29.50696052
2084,29.51213475
2085,29.47732575
2086,29.46086164
2087,29.29056058
2088,29.13623092
2089,29.21057546
2090,29.24727527
2091,29.29479492
2092,29.45709838
2093,29.35078067
2094,29.45051263
2095,29.32114152
2096,29.28491477
2097,29.11176196
2098,29.1004684
2099,29.16
2100,29.34983976
2101,29.39076867
2102,29.32396433
2103,29.24633426
2104,29.3098502
2105,29.10282123
2106,29.06282232
2107,29.03693987
2108,29.11693813
2109,29.25103928
2110,29.35830794
2111,29.36771695
2112,29.32208246
2113,29.32678714
2114,29.24209973
2115,29.03741046
2116,29.04
2117,28.97387814
2118,29.04493997
2119,29.09293929
2120,29.19363666
2121,29.1592877
2122,29.11270308
2123,29.19645981
2124,29.31
2125,29.30091115
2126,29.27691649
2127,29.10611519
2128,28.98517306
2129,28.99505601
2130,29.26139024
2131,29.23739468
2132,29.28585574
2133,29.26797716
2134,29.05952823
2135,28.96681876
2136,28.92963856
2137,29.23174858
2138,29.22845502
2139,29.10140953
2140,29.04070463
2141,28.90234088
2142,28.92163759
2143,28.88492647
2144,28.93434499
2145,29.18093238
2146,29.21575115
2147,29.22516144
2148,29.19269561
2149,28.96352436
2150,28.89622234
2151,28.87363049
2152,28.88069049
2153,28.96870127
2154,29.13858368
2155,29.13764258
2156,29.18987245
2157,29.19034297
2158,29.16164041
2159,29.17481545
2160,28.92728534
2161,28.87221848
2162,28.83832975
2163,28.80114504
2164,28.80349854
2165,28.83597633
2166,29.01
2167,28.84633136
2168,29.10517406
2169,29.07223397
2170,28.84162454
2171,28.78655321
2172,28.77996329
2173,29.08070437
2174,28.9206963
2175,29.04823411
2176,29.07082222
2177,29.09529214
2178,28.99882092
2179,28.73995216
2180,28.78278755
2181,28.85150883
2182,29.00446825
2183,29.0317633
2184,28.99740908
2185,29.01576284
2186,28.79220169
2187,28.93387435
2188,28.6900538
2189,28.74513015
2190,28.97529001
2191,29.00305642
2192,28.85621561
2193,28.77337333
2194,28.81667805
2195,28.68534629
2196,28.69899802
2197,28.96211248
2198,29.00258581
2199,28.97246627
2200,28.82609189
2201,28.73336194
2202,28.64439004
2203,28.65992535
2204,28.64862696
2205,28.64
2206,28.85998101
2207,28.89104508
2208,28.8919864
2209,28.9268147
2210,28.8999876
2211,28.9206963
2212,28.89575168
2213,28.92869728
2214,28.89716365
2215,28.77337333
2216,28.57989249
2217,28.54929009
2218,28.67875573
2219,28.56812244
2220,28.59637034
2221,28.52480753
2222,28.55776469
2223,28.71123735
2224,28.84491931
2225,28.78796533
2226,28.66745755
2227,28.82703327
2228,28.64486081
2229,28.63356225
2230,28.58789605
2231,28.50927023
2232,28.63026682
2233,28.80
2234,28.80867623
2235,28.54740684
2236,28.49326186
2237,28.48619927
2238,28.78702392
2239,28.59825351
2240,28.78278755
2241,28.78796533
2242,28.59401638
2243,28.64439004
2244,28.48478675
2245,28.63544536
2246,28.46689461
2247,28.45794843
2248,28.65710077
2249,28.56812244
2250,28.72
2251,28.59354558
2252,28.75595679
2253,28.70041026
2254,28.75548607
2255,28.72112287
2256,28.71547401
2257,28.66133764
2258,28.56859325
2259,28.41227465
2260,28.43723067
2261,28.66510374
2262,28.7084129
2263,28.67828498
2264,28.47584072
2265,28.70652993
2266,28.5431695
2267,28.41509989
2268,28.36518621
2269,28.44146843
2270,28.36141904
2271,28.60766929
2272,28.59731192
2273,28.63591613
2274,28.45041475
2275,28.59166241
2276,28.40897852
2277,28.42
2278,28.31809567
2279,28.49797023
2280,28.61002322
2281,28.41415814
2282,28.30067164
2283,28.2742996
2284,28.48054916
2285,28.30820639
2286,28.30114257
2287,28.26535179
2288,28.30443903
2289,28.27806707
2290,28.26393897
2291,28.29031128
2292,28.35058837
2293,28.53893215
2294,28.49938274
2295,28.47678241
2296,28.24933973
2297,28.21
2298,28.42545903
2299,28.52433671
2300,28.51209521
2301,28.54505277
2302,28.49137851
2303,28.3882598
2304,28.21307624
2305,28.19565048
2306,28.17304367
2307,28.20083114
2308,28.2691193
2309,28.46642376
2310,28.41886686
2311,28.48007832
2312,28.47442818
2313,28.4777241
2314,28.43252203
2315,28.15514627
2316,28.12358958
2317,28.13771956
2318,28.11935055
2319,28.36377352
2320,28.4113329
2321,28.44429359
2322,28.42122121
2323,28.45182732
2324,28.43581808
2325,28.42875511
2326,28.40144449
2327,28.39
2328,28.34
2329,28.20648274
2330,28.08
2331,28.04492928
2332,28.07460421
2333,28.07083601
2334,28.2667646
2335,28.3727205
2336,28.37837118
2337,28.36283173
2338,28.36141904
2339,28.12688659
2340,28.12406058
2341,28.04587136
2342,28.03315328
2343,28.17021778
2344,28.32186299
2345,28.34399573
2346,28.14572646
2347,28.21684393
2348,28.11275647
2349,28.21
2350,28.02702971
2351,27.99075861
2352,28.01148511
2353,28.15844318
2354,28.25593296
2355,28.2874857
2356,28.29831702
2357,28.29407869
2358,28.26723554
2359,28.25357824
2360,28.05529205
2361,28.26488085
2362,28.05482102
2363,28.00065086
2364,27.94223819
2365,28.02844285
2366,27.92622125
2367,27.95495735
2368,28.02985598
2369,28.21119239
2370,28.14855241
2371,28.03268224
2372,28.2097795
2373,28.22249545
2374,28.20695371
2375,28.06329957
2376,27.90784858
2377,27.90831968
2378,28.04540032
2379,28.21731489
2380,28.05623411
2381,28.20554081
2382,28.19470854
2383,28.19894727
2384,28.20883757
2385,28.03456641
2386,27.88570674
2387,27.86403555
2388,28.05152378
2389,28.20554081
2390,28.16833386
2391,28.01572457
2392,27.8437773
2393,27.83718151
2394,28.04587136
2395,28.06141546
2396,28.15279132
2397,28.18811493
2398,28.08072751
2399,27.89230223
2400,27.81645161
2401,27.94270927
2402,27.89701327
2403,28.07272011
2404,28.15184934
2405,28.0783724
2406,28.10710437
2407,28.01619562
2408,27.95542843
2409,27.97992415
2410,27.91303065
2411,27.78582715
2412,27.98039521
2413,27.77451943
2414,27.78347138
2415,28.05717618
2416,27.97238706
2417,28.05199482
2418,28.09156094
2419,28.09956819
2420,28.00112191
2421,27.80373079
2422,27.75049014
2423,27.70242991
2424,27.72221968
2425,27.72881619
2426,27.69866039
2427,27.83058567
2428,27.98369267
2429,28.01478247
2430,27.99594028
2431,27.74436494
2432,27.67887019
2433,27.73352795
2434,27.8602666
2435,28.00912985
2436,27.92998996
2437,27.76226927
2438,27.66002203
2439,27.76415392
2440,27.90125319
2441,27.93422975
2442,28.00300614
2443,27.97238706
2444,27.7241044
2445,27.70242991
2446,27.66756133
2447,27.65106903
2448,27.77546175
2449,27.90879078
2450,27.95071765
2451,27.97050278
2452,27.93658518
2453,27.86215108
2454,27.70242991
2455,27.59687826
2456,27.61290017
2457,27.57708616
2458,27.61101525
2459,27.5973495
2460,27.65436751
2461,27.83906602
2462,27.92669234
2463,27.90172429
2464,27.7217485
2465,27.61714122
2466,27.55587992
2467,27.55587992
2468,27.55870745
2469,27.54456976
2470,27.5601212
2471,27.69394847
2472,27.83953715
2473,27.87204452
2474,27.84566181
2475,27.60253308
2476,27.63410526
2477,27.57284494
2478,27.5417422
2479,27.48754585
2480,27.52477668
2481,27.76085578
2482,27.78771176
2483,27.82634547
2484,27.67698539
2485,27.78488484
2486,27.71420958
2487,27.53891463
2488,27.4470146
2489,27.50639707
2490,27.64729933
2491,27.65012661
2492,27.7580288
2493,27.71091129
2494,27.5440985
2495,27.45455541
2496,27.51535128
2497,27.45926839
2498,27.55635118
2499,27.51063854
2500,27.70007396
2501,27.73588383
2502,27.60771664
2503,27.75284597
2504,27.58980969
2505,27.44135895
2506,27.40365387
2507,27.48518942
2508,27.60913033
2509,27.5723737
2510,27.71138247
2511,27.70667061
2512,27.67887019
2513,27.6185549
2514,27.63881745
2515,27.52477668
2516,27.41072368
2517,27.6326916
2518,27.43523197
2519,27.36311943
2520,27.37631686
2521,27.39988329
2522,27.57095996
2523,27.60677417
2524,27.61949735
2525,27.68263978
2526,27.64117353
2527,27.41920738
2528,27.4314615
2529,27.35180721
2530,27.33153919
2531,27.3527499
2532,27.33295325
2533,27.30325759
2534,27.32305479
2535,27.35463528
2536,27.31268488
2537,27.47623496
2538,27.59452208
2539,27.60206184
2540,27.62468083
2541,27.61007279
2542,27.3324819
2543,27.25423437
2544,27.32776836
2545,27.56671872
2546,27.61666999
2547,27.56813247
2548,27.58
2549,27.59782073
2550,27.47152205
2551,27.39564137
2552,27.30702852
2553,27.26507624
2554,27.25659131
2555,27.20709453
2556,27.25
2557,27.39375607
2558,27.31692713
2559,27.37
2560,27.509696
2561,27.5440985
2562,27.55870745
2563,27.43051888
2564,27.29712981
2565,27.21699407
2566,27.22312231
2567,27.37348885
2568,27.52006399
2569,27.52430541
2570,27.28723102
2571,27.19672348
2572,27.31692713
2573,27.51912145
2574,27.38480084
2575,27.2631907
2576,27.17173827
2577,27.14958109
2578,27.33106784
2579,27.47812011
2580,27.48518942
2581,27.49885662
2582,27.29948665
2583,27.39328474
2584,27.25423437
2585,27.16985257
2586,27.20238043
2587,27.11799452
2588,27.11988031
2589,27.1806953
2590,27.43193281
2591,27.44088765
2592,27.21275142
2593,27.13968092
2594,27.11563728
2595,27.14580961
2596,27.22783631
2597,27.41449422
2598,27.30420032
2599,27.32871107
2600,27.39045678
2601,27.33012513
2602,27.14628105
2603,27.10196516
2604,27.09866497
2605,27.12365189
2606,27.12223755
2607,27.17
2608,27.39752667
2609,27.32635429
2610,27.36689014
2611,27.3890428
2612,27.38432951
2613,27.16372403
2614,27.07650626
2615,27.09159309
2616,27.05670448
2617,27.05246119
2618,27.1783382
2619,27.20002337
2620,27.34096623
2621,27.30797124
2622,27.11658018
2623,27.07273452
2624,27.08452117
2625,27.01709981
2626,27.06141922
2627,27.17126685
2628,27.27686075
2629,27.37113217
2630,27.30797124
2631,27.07509186
2632,27.02181473
2633,27.00059743
2634,27.07320599
2635,27.30938534
2636,27.32776836
2637,27.05670448
2638,27.03030153
2639,27.02228622
2640,27.2424496
2641,27.27450386
2642,27.29
2643,27.30137213
2644,27.05481858
2645,27.00531242
2646,27.00625542
2647,27.20850875
2648,27.1335522
2649,27.242921
2650,27.29147337
2651,27.30278623
2652,27.26743315
2653,27.02605814
2654,26.97843669
2655,26.96523433
2656,26.94495895
2657,26.92374012
2658,27.1014937
2659,27.25470576
2660,27.21463704
2661,27.01615682
2662,27.00672692
2663,26.97
2664,26.92704086
2665,26.92138245
2666,26.87800033
2667,26.99446791
2668,27.21
2669,27.193895
2670,26.99446791
2671,27.02228622
2672,26.89356151
2673,26.89827697
2674,26.89356151
2675,26.9591046
2676,27.13402364
2677,27.18965225
2678,27.1632526
2679,27.0760348
2680,27.0406742
2681,26.93411383
2682,26.88177275
2683,27.10243662
2684,27.1783382
2685,27.17550966
2686,27.10243662
2687,27.15712401
2688,27.08640702
2689,27.03265896
2690,26.97230704
2691,26.89026067
2692,26.83084384
2693,26.87894343
2694,26.98
2695,27.17
2696,27.12600911
2697,26.92374012
2698,26.85206452
2699,26.81150908
2700,27.01709981
2701,27.14533817
2702,27.14580961
2703,27.12318044
2704,27.04161716
2705,26.93222771
2706,26.81952598
2707,26.80396371
2708,27.02794409
2709,27.09395039
2710,27.0972506
2711,26.91572401
2712,26.78887282
2713,26.75067304
2714,26.79736147
2715,26.81292383
2716,26.98975287
2717,27.11092277
2718,27.11375148
2719,27.01238487
2720,26.87705722
2721,26.77283851
2722,26.77708291
2723,26.875171
2724,27.06330512
2725,26.8945046
2726,26.74831498
2727,26.76576447
2728,27.05764743
2729,27.04397457
2730,27.03218748
2731,26.78604325
2732,26.72284765
2733,26.86951231
2734,27.03454491
2735,27.03313045
2736,27.0274726
2737,27.03030153
2738,26.98692384
2739,27.01474234
2740,27.01709981
2741,26.9072363
2742,26.74359886
2743,26.6893619
2744,26.94
2745,27.01427085
2746,26.99729692
2747,26.89874852
2748,26.83
2749,26.89214686
2750,26.72096116
2751,26.68558879
2752,26.69737971
2753,26.68134402
2754,26.84640571
2755,26.91713862
2756,26.99022437
2757,26.74407047
2758,26.77189531
2759,26.68889026
2760,26.69973788
2761,26.85725173
2762,26.97513611
2763,26.95486093
2764,26.9477881
2765,26.69502153
2766,26.68087238
2767,26.66294986
2768,26.64738532
2769,26.64078211
2770,26.91902477
2771,26.93411383
2772,26.89922006
2773,26.726149
2774,26.70020951
2775,26.65587509
2776,26.60021865
2777,26.6200289
2778,26.62191557
2779,26.73039359
2780,26.90629322
2781,26.91572401
2782,26.8718701
2783,26.94307285
2784,26.9440159
2785,26.90
2786,26.89780543
2787,26.71530166
2788,26.61672722
2789,26.61908557
2790,26.78179889
2791,26.88554517
2792,26.88177275
2793,26.91478094
2794,26.91666709
2795,26.78227049
2796,26.63040556
2797,26.56531398
2798,26.58984171
2799,26.8813012
2800,26.909594
2801,26.78462847
2802,26.60352038
2803,26.55918196
2804,26.66
2805,26.83225857
2806,26.89026067
2807,26.89356151
2808,26.85913798
2809,26.58748329
2810,26.53040817
2811,26.5539933
2812,26.53418183
2813,26.66672305
2814,26.83225857
2815,26.86243892
2816,26.82754281
2817,26.67191116
2818,26.55776687
2819,26.49974672
2820,26.51106797
2821,26.56106874
2822,26.78934441
2823,26.83980373
2824,26.78840123
2825,26.8190544
2826,26.82942912
2827,26.81
2828,26.84499101
2829,26.83791745
2830,26.58
2831,26.47899078
2832,26.50446392
2833,26.50540736
2834,26.74076917
2835,26.6643648
2836,26.61106717
2837,26.76057682
2838,26.76293485
2839,26.813867
2840,26.6577617
2841,26.55304991
2842,26.44219517
2843,26.48653844
2844,26.45870618
2845,26.58795498
2846,26.7700089
2847,26.81150908
2848,26.7794409
2849,26.79971942
2850,26.79123079
2851,26.69266336
2852,26.54880462
2853,26.42285338
2854,26.44077993
2855,26.47144307
2856,26.61719889
2857,26.67757089
2858,26.75255948
2859,26.72662063
2860,26.73369492
2861,26.73841109
2862,26.65823335
2863,26.51106797
2864,26.44266692
2865,26.46342356
2866,26.41247472
2867,26.41436175
2868,26.47002786
2869,26.44030818
2870,26.59691691
2871,26.68275895
2872,26.68134402
2873,26.68794698
2874,26.72473414
2875,26.68134402
2876,26.646442
2877,26.40209595
2878,26.42568391
2879,26.36576948
2880,26.43087319
2881,26.58653993
2882,26.69266336
2883,26.71058538
2884,26.5742761
2885,26.55257821
2886,26.67521267
2887,26.58418151
2888,26.6959648
2889,26.67379774
2890,26.40681358
2891,26.34548273
2892,26.36293879
2893,26.5780496
2894,26.65021525
2895,26.67002457
2896,26.69360663
2897,26.52946475
2898,26.317175
2899,26.30302085
2900,26.33699049
2901,26.34878525
2902,26.3063235
2903,26.34076483
2904,26.30066181
2905,26.48323635
2906,26.46012139
2907,26.34501094
2908,26.58748329
2909,26.65021525
2910,26.63229221
2911,26.59267179
2912,26.3468981
2913,26.31104156
2914,26.317175
2915,26.47333
2916,26.60918048
2917,26.6105955
2918,26.5992753
2919,26.59455851
2920,26.35963631
2921,26.30915434
2922,26.30537989
2923,26.27565564
2924,26.2883947
2925,26.5695592
2926,26.27990201
2927,26.25
2928,26.42332514
2929,26.4931426
2930,26.55116311
2931,26.56625736
2932,26.56201213
2933,26.60304871
2934,26.55823857
2935,26.45870618
2936,26.35869275
2937,26.26244459
2938,26.25442353
2939,26.30773892
2940,26.56012535
2941,26.57946466
2942,26.43653419
2943,26.35822096
2944,26.25064888
2945,26.22800075
2946,26.1968588
2947,26.40870063
2948,26.4808777
2949,26.55823857
2950,26.37756392
2951,26.29075377
2952,26.23
2953,26.22564155
2954,26.44408216
2955,26.51389827
2956,26.51531341
2957,26.51342655
2958,26.51389827
2959,26.53606865
2960,26.39030177
2961,26.22988812
2962,26.29452827
2963,26.1732658
2964,26.24451506
2965,26.37237438
2966,26.44974309
2967,26.52333253
2968,26.31
2969,26.26810649
2970,26.16807527
2971,26.23602202
2972,26.28886652
2973,26.14636915
2974,26.1746814
2975,26.37662037
2976,26.25866998
2977,26.4445539
2978,26.48653844
2979,26.50493564
2980,26.41766406
2981,26.19497138
2982,26.1208875
2983,26.15769414
2984,26.17137834
2985,26.39171708
2986,26.48465153
2987,26.46483877
2988,26.45493226
2989,26.24734606
2990,26.15580665
2991,26.15863788
2992,26.42851443
2993,26.47993424
2994,26.24970522
2995,26.3223648
2996,26.21
2997,26.17185021
2998,26.1336284
2999,26.24357139
3000,26.14636915
3001,26.15627852
3002,26.34170841
3003,26.40870063
3004,26.40775711
3005,26.36907193
3006,26.42945793
3007,26.41483351
3008,26.37
3009,26.21714836
3010,26.07228192
3011,26.19308395
3012,26.09021433
3013,26.08219198
3014,26.06048412
3015,26.13504405
3016,26.16146911
3017,26.4204946
3018,26.4171923
3019,26.26857831
3020,26.11428105
3021,26.08172007
3022,26.17043461
3023,26.36907193
3024,26.37520504
3025,26.38133812
3026,26.21667651
3027,26.10106802
3028,26.1978025
3029,26.37095905
3030,26.30490808
3031,26.2284726
3032,26.13551593
3033,26.04538275
3034,26.06001221
3035,26.18506236
3036,26.21384543
3037,26.36482592
3038,26.38086634
3039,26.2539517
3040,26.06001221
3041,26.04963003
3042,26.06001221
3043,26.06897855
3044,26.25914181
3045,26.36
3046,26.34548273
3047,26.28697926
3048,26.13268464
3049,25.98969459
3050,26.02886538
3051,26.03547236
3052,25.99960541
3053,26.02556187
3054,26.04915811
3055,26.0260338
3056,26.02508994
3057,26.24876156
3058,26.31104156
3059,26.34831346
3060,26.30113362
3061,26.22988812
3062,26.08124817
3063,26.19591509
3064,26.066619
3065,25.98686292
3066,26.02178642
3067,26.0326408
3068,26.16335659
3069,26.27093743
3070,26.33180075
3071,26.3200058
3072,26.19497138
3073,26.02414608
3074,25.97742393
3075,25.99582987
3076,25.9887507
3077,26.00338093
3078,25.97883979
3079,25.966569
3080,26.06567517
3081,25.9708166
3082,25.98167149
3083,26.21431728
3084,26.28886652
3085,26.27424018
3086,26.02037063
3087,25.92692398
3088,25.97648003
3089,25.95099435
3090,25.97648003
3091,26.25300804
3092,26.26
3093,26.19402766
3094,26.15391916
3095,26.00338093
3096,25.92031633
3097,25.98261538
3098,26.2048803
3099,25.99960541
3100,26.10720266
3101,26.25442353
3102,26.25914181
3103,26.24026855
3104,26.27424018
3105,26.24593056
3106,26.2095988
3107,26.26669102
3108,26.27801473
3109,26.04
3110,26.16288472
3111,26.24734606
3112,26.09257384
3113,26.24781789
3114,26.07794482
3115,26.18883724
3116,26.24357139
3117,26.19874621
3118,25.93825128
3119,25.88161359
3120,26.07464147
3121,26.19497138
3122,26.21290174
3123,26.21431728
3124,25.97553613
3125,25.91134875
3126,25.91040479
3127,25.91
3128,25.89341335
3129,25.88727749
3130,25.90993281
3131,25.90568497
3132,26.10673076
3133,26.19402766
3134,26.21667651
3135,26.19402766
3136,26.14778478
3137,26.20
3138,25.95005042
3139,26.01329162
3140,25.88444554
3141,25.92739595
3142,26.17798444
3143,25.91
3144,26.06709091
3145,26.18
3146,25.87217368
3147,26.11994372
3148,26.19449952
3149,26.12230316
3150,25.93305961
3151,25.93966718
3152,25.8632057
3153,26.03216887
3154,25.99441404
3155,26.09
3156,26.18600608
3157,26.15910976
3158,25.93919521
3159,25.86273369
3160,25.85706966
3161,26.12702203
3162,26.17232207
3163,26.15250354
3164,26.17043461
3165,25.94061112
3166,25.86037368
3167,25.80467595
3168,25.8197807
3169,25.85329362
3170,25.91654052
3171,26.06237178
3172,26.08643912
3173,26.03169694
3174,25.80750811
3175,25.82025273
3176,25.81034026
3177,25.8004277
3178,25.79193115
3179,25.84904557
3180,26.05576497
3181,26.05434922
3182,26.11003402
3183,26.12749391
3184,26.04396698
3185,25.90804488
3186,25.91701249
3187,25.80609203
3188,25.93589143
3189,26.11758428
3190,26.12277505
3191,25.93211567
3192,25.81647656
3193,25.87925362
3194,25.77257764
3195,25.77588192
3196,26.01801097
3197,26.09210194
3198,26.09729283
3199,25.98450318
3200,25.78485064
3201,25.81553251
3202,25.82355686
3203,25.79429131
3204,25.99063848
3205,26.10625887
3206,26.07794482
3207,26.07841673
3208,25.79617943
3209,25.7433107
3210,26.01517936
3211,26.11522483
3212,26.07841673
3213,25.82874905
3214,25.75605608
3215,25.84102141
3216,26.04727043
3217,25.92362016
3218,26.05151771
3219,26.08785482
3220,26.03736006
3221,25.79759552
3222,25.73339753
3223,25.75558403
3224,25.81506049
3225,25.81836464
3226,25.76974539
3227,25.91
3228,26.04679851
3229,26.06945046
3230,25.79806755
3231,25.73
3232,25.73859015
3233,25.73859015
3234,25.70601781
3235,25.88350156
3236,26.00007735
3237,26.04774235
3238,26.00149317
3239,26.03783198
3240,26.00904419
3241,26.04113545
3242,26.03736006
3243,26.04915811
3244,26.04302314
3245,26.02839345
3246,26.05859646
3247,26.03216887
3248,25.92881187
3249,25.72820487
3250,25.7135709
3251,25.87453367
3252,26.00479675
3253,26.02178642
3254,25.99252626
3255,25.86131769
3256,25.68619068
3257,25.76927335
3258,25.71829156
3259,25.63709336
3260,25.67722114
3261,25.87925362
3262,26.00951613
3263,25.9528822
3264,25.69846466
3265,25.8655657
3266,25.72490045
3267,25.76077655
3268,25.69138353
3269,25.65125628
3270,25.72065188
3271,26.01329162
3272,25.99158238
3273,26.01281969
3274,25.98450318
3275,25.98167149
3276,26.00149317
3277,25.93400355
3278,25.99299821
3279,25.98591902
3280,25.98308733
3281,25.7433107
3282,25.63614916
3283,25.66022603
3284,25.93541946
3285,25.96515314
3286,25.98261538
3287,25.96232139
3288,25.86084569
3289,25.93258764
3290,25.66211439
3291,25.61726496
3292,25.65
3293,25.63756546
3294,25.76455291
3295,25.81175633
3296,25.94863453
3297,25.96326531
3298,25.92314818
3299,25.69327184
3300,25.9146526
3301,25.92786792
3302,25.71734743
3303,25.59696409
3304,25.71404297
3305,25.95052238
3306,25.87547766
3307,25.65928185
3308,25.62481868
3309,25.68855107
3310,25.75463993
3311,25.8245009
3312,25.90946082
3313,25.91370864
3314,25.68146988
3315,25.56816451
3316,25.71829156
3317,25.87547766
3318,25.85895768
3319,25.89813322
3320,25.81930868
3321,25.90993281
3322,25.91701249
3323,25.90710092
3324,25.73859015
3325,25.71970775
3326,25.59129866
3327,25.57996771
3328,25.71970775
3329,25.61868129
3330,25.83818934
3331,25.88586152
3332,25.84951757
3333,25.79853958
3334,25.61348809
3335,25.57052516
3336,25.57760708
3337,25.55824972
3338,25.78013027
3339,25.86981369
3340,25.83535726
3341,25.86131769
3342,25.88727749
3343,25.88161359
3344,25.72112394
3345,25.67108405
3346,25.87830963
3347,25.78815488
3348,25.56
3349,25.54691843
3350,25.53889202
3351,25.80420392
3352,25.87170168
3353,25.77588192
3354,25.63520496
3355,25.54502987
3356,25.51575675
3357,25.59129866
3358,25.6488958
3359,25.82922107
3360,25.80750811
3361,25.60923908
3362,25.57430219
3363,25.53794773
3364,25.66825153
3365,25.85612565
3366,25.72537251
3367,25.87453367
3368,25.69799258
3369,25.5922429
3370,25.59177078
3371,25.54550201
3372,25.55966613
3373,25.74567097
3374,25.59649197
3375,25.65456093
3376,25.82827704
3377,25.80562
3378,25.73528576
3379,25.65833767
3380,25.54880699
3381,25.5011199
3382,25.70082502
3383,25.62056972
3384,25.70979436
3385,25.75227969
3386,25.78201842
3387,25.76030451
3388,25.53794773
3389,25.47515079
3390,25.50536933
3391,25.49120449
3392,25.75416789
3393,25.8174206
3394,25.81034026
3395,25.78768285
3396,25.82402888
3397,25.7381181
3398,25.62765131
3399,25.65078418
3400,25.56627599
3401,25.61726496
3402,25.49167666
3403,25.49923126
3404,25.67674906
3405,25.81930868
3406,25.8004277
3407,25.60121314
3408,25.58468895
3409,25.43312674
3410,25.46381863
3411,25.51150736
3412,25.44918107
3413,25.48837151
3414,25.71309883
3415,25.55069554
3416,25.69043938
3417,25.79712349
3418,25.69846466
3419,25.57949558
3420,25.45956903
3421,25.53841988
3422,25.49450964
3423,25.48
3424,25.58091196
3425,25.6488958
3426,25.70837815
3427,25.7721056
3428,25.63142814
3429,25.44068175
3430,25.44587578
3431,25.47845599
3432,25.45909685
3433,25.41565559
3434,25.70507366
3435,25.77965823
3436,25.77304968
3437,25.73717398
3438,25.72
3439,25.75086354
3440,25.75652813
3441,25.74708713
3442,25.72065188
3443,25.67674906
3444,25.48553851
3445,25.41801657
3446,25.66730736
3447,25.57194155
3448,25.42037755
3449,25.43926519
3450,25.64653533
3451,25.72962105
3452,25.70224124
3453,25.47
3454,25.414239
3455,25.4062116
3456,25.6139602
3457,25.75322379
3458,25.68902315
3459,25.73764604
3460,25.74897533
3461,25.63095604
3462,25.57146942
3463,25.52142258
3464,25.48270551
3465,25.38590676
3466,25.47420645
3467,25.43548769
3468,25.35096264
3469,25.42887703
3470,25.73150929
3471,25.73859015
3472,25.67438864
3473,25.59554773
3474,25.53086556
3475,25.53889202
3476,25.47562297
3477,25.37693473
3478,25.39204547
3479,25.47609514
3480,25.65031209
3481,25.71545917
3482,25.69279976
3483,25.43359893
3484,25.34624038
3485,25.38449013
3486,25.57146942
3487,25.66069812
3488,25.66872362
3489,25.6809978
3490,25.6267071
3491,25.40101738
3492,25.36796262
3493,25.38637897
3494,25.4128224
3495,25.67486073
3496,25.63945386
3497,25.57477432
3498,25.37976801
3499,25.35568488
3500,25.35285154
3501,25.36040711
3502,25.36324043
3503,25.33065676
3504,25.37693473
3505,25.52992126
3506,25.69468806
3507,25.62906762
3508,25.31318395
3509,25.31885083
3510,25.47137342
3511,25.4581525
3512,25.64323065
3513,25.65408884
3514,25.6899673
3515,25.60546217
3516,25.38826781
3517,25.28154328
3518,25.37079593
3519,25.36890706
3520,25.31932307
3521,25.33585132
3522,25.49262099
3523,25.65550512
3524,25.6658911
3525,25.65503302
3526,25.65031209
3527,25.63095604
3528,25.63567706
3529,25.61018331
3530,25.48459418
3531,25.63426075
3532,25.57194155
3533,25.33065676
3534,25.309406
3535,25.37457365
3536,25.53511487
3537,25.61443231
3538,25.60971119
3539,25.61065542
3540,25.57996771
3541,25.63803756
3542,25.6191534
3543,25.58893805
3544,25.60829486
3545,25.56438746
3546,25.38165686
3547,25.25084622
3548,25.2942941
3549,25.28532131
3550,25.43784863
3551,25.51339598
3552,25.60074102
3553,25.61018331
3554,25.60215737
3555,25.33962917
3556,25.23856715
3557,25.30751703
3558,25.56297106
3559,25.58327258
3560,25.58327258
3561,25.45
3562,25.27020908
3563,25.27209812
3564,25.53747559
3565,25.57855133
3566,25.61065542
3567,25.54078059
3568,25.43973738
3569,25.44682015
3570,25.25887476
3571,25.33160122
3572,25.52331118
3573,25.57949558
3574,25.54408559
3575,25.57194155
3576,25.57194155
3577,25.56249893
3578,25.5431413
3579,25.51103521
3580,25.35237932
3581,25.34435146
3582,25.2924051
3583,25.31318395
3584,25.21164717
3585,25.2338444
3586,25.23809488
3587,25.20739659
3588,25.42698826
3589,25.56627599
3590,25.56249893
3591,25.51197952
3592,25.47845599
3593,25.22912162
3594,25.29854435
3595,25.37504587
3596,25.46712385
3597,25.30751703
3598,25.30798927
3599,25.26076382
3600,25.21448089
3601,25.26595872
3602,25.32168427
3603,25.49592613
3604,25.50725796
3605,25.51197952
3606,25.54550201
3607,25.32498993
3608,25.18
3609,25.2107026
3610,25.34718483
3611,25.41518339
3612,25.51386814
3613,25.36985149
3614,25.1573329
3615,25.26218062
3616,25.29948884
3617,25.50631364
3618,25.49734261
3619,25.26643099
3620,25.20503514
3621,25.15402672
3622,25.21825916
3623,25.33915694
3624,25.42273852
3625,25.42
3626,25.49356531
3627,25.53841988
3628,25.50017558
3629,25.48695501
3630,25.52047828
3631,25.49262099
3632,25.39771195
3633,25.1880326
3634,25.15355441
3635,25.40243399
3636,25.51197952
3637,25.34907374
3638,25.22014829
3639,25.16488983
3640,25.13466178
3641,25.17008519
3642,25.31460067
3643,25.39298989
3644,25.47656731
3645,25.411878
3646,25.26832003
3647,25.20928574
3648,25.14127424
3649,25.1715021
3650,25.34151809
3651,25.45059761
3652,25.43359893
3653,25.414239
3654,25.34151809
3655,25.48506634
3656,25.48837151
3657,25.45201416
3658,25.27918199
3659,25.21
3660,25.14694203
3661,25.27257038
3662,25.35332376
3663,25.44493142
3664,25.46476298
3665,25.47
3666,25.46901255
3667,25.46948473
3668,25.2834323
3669,25.1223814
3670,25.14269119
3671,25.20220141
3672,25.46145774
3673,25.43548769
3674,25.18425422
3675,25.12143675
3676,25.13418946
3677,25.13844034
3678,25.16819597
3679,25.25084622
3680,25.13371714
3681,25.1327725
3682,25.12001977
3683,25.1630006
3684,25.13371714
3685,25.2140086
3686,25.3401014
3687,25.47467862
3688,25.44257049
3689,25.20125683
3690,25.16016675
3691,25.14316351
3692,25.24092852
3693,25.16961288
3694,25.14174656
3695,25.36985149
3696,25.42321072
3697,25.45768032
3698,25.32924005
3699,25.1242707
3700,25.13230018
3701,25.24565124
3702,25.36135155
3703,25.45673596
3704,25.2541521
3705,25.14458045
3706,25.0912075
3707,25.11813047
3708,25.14835897
3709,25.42746045
3710,25.44
3711,25.35521266
3712,25.3674904
3713,25.25934703
3714,25.13938497
3715,25.42084974
3716,25.32971229
3717,25.09829255
3718,25.10679456
3719,25.22676022
3720,25.25131849
3721,25.2480126
3722,25.42
3723,25.43690425
3724,25.32310098
3725,25.36985149
3726,25.34765706
3727,25.39629533
3728,25.36843484
3729,25.1015989
3730,25.10490523
3731,25.16394521
3732,25.15119285
3733,25.12521535
3734,25.08223302
3735,25.08506707
3736,25.08176068
3737,25.09451386
3738,25.11
3739,25.38496234
3740,25.414239
3741,25.41
3742,25.39629533
3743,25.27162586
3744,25.28484906
3745,25.07514786
3746,25.07420317
3747,25.08553942
3748,25.24706806
3749,25.39629533
3750,25.36465709
3751,25.39110106
3752,25.38590676
3753,25.40857261
3754,25.25226302
3755,25.09640321
3756,25.19983995
3757,25.24612352
3758,25.06570091
3759,25.09356919
3760,25.0694797
3761,25.0675903
3762,25.09545853
3763,25.17622513
3764,25.27729297
3765,25.03
3766,25.10773922
3767,25.38449013
3768,25.38071243
3769,25.36087933
3770,25.35049041
3771,25.14977591
3772,25.0619221
3773,25.0765649
3774,25.04633439
3775,25.06570091
3776,25.05625387
3777,25.07892662
3778,25.03499773
3779,25.30090559
3780,25.34860151
3781,25.37929579
3782,25.33821248
3783,25.15072054
3784,25.07750959
3785,24.99815278
3786,25.0694797
3787,25.1030159
3788,25.16630675
3789,25.37126814
3790,25.37504587
3791,25.23148301
3792,25.14788666
3793,25.13324482
3794,25.02932936
3795,25.0274399
3796,25.0638115
3797,25.35426821
3798,25.36701819
3799,25.36796262
3800,25.37032371
3801,25.33490686
3802,25.08506707
3803,25.02932936
3804,25.04680675
3805,25.30043334
3806,25.38543455
3807,25.34
3808,25.1223814
3809,25.12190908
3810,25.21117489
3811,25.22676022
3812,25.03405301
3813,24.99815278
3814,25.07892662
3815,25.34340701
3816,25.33160122
3817,25.33443462
3818,25.39676754
3819,25.35096264
3820,25.33585132
3821,25.33585132
3822,25.12379838
3823,24.98350893
3824,25.01940964
3825,25.14458045
3826,25.31507291
3827,25.3127117
3828,25.32924005
3829,25.10773922
3830,24.99862516
3831,25.16725136
3832,25.22392654
3833,25.32451769
3834,25.30373907
3835,25.20125683
3836,25.13844034
3837,25.04869618
3838,25.07
3839,25.0609774
3840,25.01232407
3841,25.04350024
3842,24.98728801
3843,25.05
3844,24.98870516
3845,25.21778687
3846,25.31601739
3847,25.30893376
3848,25.22439882
3849,25.09545853
3850,25.07136909
3851,25.13844034
3852,25.03263592
3853,24.97217162
3854,24.97406118
3855,24.98161938
3856,25.0888458
3857,25.23289984
3858,25.31554515
3859,25.2905161
3860,25.18708801
3861,25.11624116
3862,24.95752741
3863,24.97642312
3864,24.9419382
3865,25.20125683
3866,25.2584025
3867,25.30
3868,25.29287735
3869,25.0354701
3870,24.98161938
3871,24.93626934
3872,25.09876489
3873,25.30610029
3874,25.24187307
3875,25.30987825
3876,25.26265288
3877,25.31554515
3878,25.17811433
3879,25.04019372
3880,25.04113844
3881,24.95422063
3882,24.93154527
3883,24.94996904
3884,24.92256948
3885,25.00901745
3886,24.95280343
3887,25.0628668
3888,25.26359741
3889,25.28437681
3890,25.30326682
3891,25.28059876
3892,25.27634845
3893,25.12804929
3894,24.95327583
3895,24.9409934
3896,25.06050505
3897,25.16725136
3898,25.28296004
3899,25.25084622
3900,25.04822382
3901,24.99673564
3902,24.94571743
3903,25.18283733
3904,25.24942941
3905,25.28862709
3906,25.24990168
3907,25.27823748
3908,25.19039408
3909,24.97831267
3910,24.94335541
3911,25.04586203
3912,25.22062057
3913,25.23289984
3914,25.20881345
3915,25.20645201
3916,25.01232407
3917,24.94807943
3918,24.959417
3919,24.91406603
3920,24.97595073
3921,25.11813047
3922,25.14788666
3923,25.25651343
3924,25.28862709
3925,25.22581567
3926,25.04964089
3927,24.9131212
3928,24.9329625
3929,25.1058499
3930,25.24942941
3931,25.22109285
3932,25.2735149
3933,25.18756031
3934,24.99720802
3935,24.96697531
3936,24.9102867
3937,25.07420317
3938,25.25037395
3939,25.24423443
3940,25.00334894
3941,24.9329625
3942,24.98728801
3943,25.23856715
3944,25.22912162
3945,25.08081599
3946,25.05672622
3947,24.93768656
3948,24.92965564
3949,24.92587636
3950,24.9589446
3951,25.17575282
3952,25.07325848
3953,25.26737551
3954,25.21778687
3955,25.22676022
3956,25.24990168
3957,25.20314599
3958,25.05719858
3959,24.94760703
3960,24.87863427
3961,24.90083831
3962,24.93910378
3963,25.08270537
3964,25.24376216
3965,25.01563067
3966,24.93532453
3967,24.94902423
3968,25.22109285
3969,25.23195529
3970,25.23620578
3971,24.98492608
3972,24.95658262
3973,24.85737466
3974,24.88572071
3975,24.94430022
3976,25.21542545
3977,25.22345426
3978,25.20172912
3979,25.02932936
3980,24.87249265
3981,24.95
3982,25.05341974
3983,25.16394521
3984,25.21589774
3985,25.23006618
3986,25.12521535
3987,24.98303654
3988,24.88902771
3989,24.90272799
3990,25.05767093
3991,25.19842308
3992,25.1970062
3993,24.99815278
3994,24.82997277
3995,24.98067461
3996,24.91548328
3997,24.87485481
3998,24.92067983
3999,25.14741434
4000,25.05908799
4001,25.21637002
4002,25.16252829
4003,25.17575282
4004,25.17528052
4005,24.91784535
4006,24.87060291
4007,25.0416108
4008,24.86068174
4009,24.96508574
4010,25.14316351
4011,25.18047583
4012,24.96980966
4013,24.84603603
4014,24.87154778
4015,24.93768656
4016,24.93012805
4017,25.18378193
4018,25.18944949
4019,25.13230018
4020,25.09876489
4021,24.87532725
4022,24.93863137
4023,24.85926442
4024,24.98634324
4025,24.86115418
4026,25.15166516
4027,25.20220141
4028,25.11765814
4029,24.88666557
4030,24.84178402
4031,24.84981559
4032,24.95516542
4033,25.17433592
4034,25.1459974
4035,25.04491732
4036,24.87154778
4037,24.84603603
4038,24.90697977
4039,25.15119285
4040,25.17858663
4041,24.98492608
4042,25.09356919
4043,24.99059469
4044,24.86965804
4045,24.85926442
4046,24.86824074
4047,24.95185863
4048,25.15827752
4049,25.19653391
4050,25.15213747
4051,25.1880326
4052,25.00665557
4053,25.04869618
4054,24.83469728
4055,24.82572069
4056,24.95422063
4057,24.93815897
4058,25.10018189
4059,24.85737466
4060,25.10821155
4061,25.01185169
4062,25.13088322
4063,25.14788666
4064,25.15166516
4065,24.86587855
4066,24.80304266
4067,24.8488707
4068,24.96933727
4069,25.0538921
4070,25.16725136
4071,25.17528052
4072,25.10821155
4073,24.86351637
4074,24.89186226
4075,24.83422483
4076,24.85454001
4077,24.82855541
4078,24.84225646
4079,24.80823975
4080,24.85737466
4081,24.85831954
4082,24.83942178
4083,24.94288301
4084,25.00429369
4085,25.11057321
4086,25.13324482
4087,25.1459974
4088,25.15969444
4089,25.0416108
4090,25.16725136
4091,24.98917754
4092,25.0912075
4093,24.98303654
4094,24.93154527
4095,24.84461869
4096,24.82855541
4097,25.08979048
4098,25.10207123
4099,24.93201768
4100,24.80965713
4101,24.80682236
4102,25.02224385
4103,25.08837346
4104,25.12757696
4105,25.11624116
4106,25.12143675
4107,25.00287656
4108,24.93249009
4109,24.83753198
4110,24.8554849
4111,24.86257149
4112,24.83327993
4113,24.8011528
4114,24.81579911
4115,24.90036589
4116,25.10112656
4117,25.12804929
4118,25.09640321
4119,24.883831
4120,24.78556135
4121,24.82477578
4122,25.03688719
4123,25.1030159
4124,24.91453845
4125,24.7926484
4126,24.77185959
4127,24.80398759
4128,25.05625387
4129,25.09
4130,24.90886944
4131,24.79642814
4132,24.79123099
4133,24.99248422
4134,25.11387952
4135,25.10726689
4136,24.86
4137,24.84131157
4138,24.79453827
4139,24.75437778
4140,24.78319899
4141,24.79501074
4142,25.05814328
4143,25.05530916
4144,25.1304109
4145,25.09829255
4146,25.07373082
4147,24.89800378
4148,24.7813091
4149,24.87060291
4150,24.78839618
4151,24.77516693
4152,24.96319616
4153,25.03972136
4154,25.0949862
4155,25.08979048
4156,24.8436738
4157,24.71705081
4158,24.79595567
4159,24.74776297
4160,24.76
4161,24.82524824
4162,24.70098565
4163,24.75532275
4164,24.74823545
4165,24.79312087
4166,25.05719858
4167,25.07750959
4168,25.08931814
4169,25.08979048
4170,25.07231378
4171,24.79548321
4172,24.72886328
4173,24.78508888
4174,24.76571736
4175,24.98587085
4176,25.07609255
4177,25.00712795
4178,24.81674403
4179,24.74965292
4180,24.72319331
4181,24.79075852
4182,25.00712795
4183,24.98067461
4184,25.05767093
4185,24.98067461
4186,24.75815765
4187,24.76855224
4188,24.86493368
4189,25.02177149
4190,25.04680675
4191,25.04727911
4192,24.79784554
4193,24.76855224
4194,24.73217075
4195,24.70240318
4196,24.75059789
4197,24.71043578
4198,24.70145816
4199,24.77280454
4200,24.91406603
4201,24.94571743
4202,25.0439726
4203,24.981147
4204,24.7926484
4205,24.71043578
4206,24.73028077
4207,24.92304189
4208,24.97925745
4209,25.03358064
4210,25.04491732
4211,24.85123292
4212,24.91501086
4213,24.73784067
4214,24.71988582
4215,24.74492804
4216,25.00476607
4217,25.02082675
4218,25.05294739
4219,25.04916854
4220,24.76
4221,24.86257149
4222,24.74445555
4223,24.70854576
4224,24.69862311
4225,24.72413831
4226,24.73169826
4227,24.67688746
4228,24.68444774
4229,24.74
4230,24.94760703
4231,25.03358064
4232,24.93012805
4233,24.78650629
4234,24.72839079
4235,24.76807976
4236,24.66412938
4237,24.69767809
4238,24.73547821
4239,24.67121722
4240,24.70240318
4241,24.76335496
4242,24.99720802
4243,25.02507806
4244,24.86
4245,24.68255767
4246,24.65042609
4247,24.88241371
4248,24.90745219
4249,25.00523845
4250,25.03830427
4251,24.94618983
4252,25.01326881
4253,24.90131073
4254,24.96177897
4255,24.84461869
4256,24.74114812
4257,24.7038207
4258,24.74067562
4259,25.01374118
4260,25.01893727
4261,24.85312269
4262,24.74965292
4263,24.68161264
4264,24.76335496
4265,24.98067461
4266,25.03263592
4267,24.93957618
4268,24.91548328
4269,24.76996968
4270,24.75626772
4271,24.66412938
4272,24.75863014
4273,24.99673564
4274,24.9976804
4275,24.95233103
4276,24.73784067
4277,24.71232579
4278,24.69248047
4279,24.67263479
4280,24.84225646
4281,25.01610304
4282,24.99248422
4283,24.81296436
4284,24.65940413
4285,24.63294234
4286,24.76335496
4287,24.60506225
4288,24.62112883
4289,24.64664585
4290,24.67641494
4291,24.75579523
4292,24.94807943
4293,25.00476607
4294,24.78650629
4295,24.74540052
4296,24.65137115
4297,24.6570415
4298,24.68208516
4299,24.82997277
4300,24.98256416
4301,25.01940964
4302,24.981147
4303,24.84
4304,24.90083831
4305,24.66129423
4306,24.74587301
4307,24.63388741
4308,24.64144798
4309,24.64239305
4310,24.8488707
4311,24.95611022
4312,24.94996904
4313,24.97217162
4314,24.98067461
4315,24.97972984
4316,24.89516924
4317,24.71468831
4318,24.59655632
4319,24.63861277
4320,24.65467886
4321,24.91690052
4322,24.96603052
4323,24.94524502
4324,24.73358824
4325,24.67168974
4326,24.71563331
4327,24.65089862
4328,24.61356812
4329,24.61451321
4330,24.91642811
4331,24.82808296
4332,24.96
4333,24.97075444
4334,24.88194128
4335,24.72555581
4336,24.59088566
4337,24.63341487
4338,24.68350271
4339,24.96272376
4340,24.81721649
4341,24.69437052
4342,24.64097545
4343,24.71610581
4344,24.96603052
4345,24.96555813
4346,24.96
4347,24.85406757
4348,24.87202021
4349,24.65184368
4350,24.623019
4351,24.82099614
4352,24.96461334
4353,24.97358879
4354,24.9589446
4355,24.91595569
4356,24.67499739
4357,24.59986419
4358,24.61593084
4359,24.90981428
4360,24.93579694
4361,24.73075327
4362,24.70145816
4363,24.58663265
4364,24.60128185
4365,24.65562391
4366,24.84698092
4367,24.88335857
4368,24.9419382
4369,24.71941332
4370,24.62396408
4371,24.64003038
4372,24.70571072
4373,24.84320136
4374,24.91690052
4375,24.70523822
4376,24.58332474
4377,24.64286558
4378,24.6017544
4379,24.64333812
4380,24.6197112
4381,24.82902787
4382,24.92445913
4383,24.94524502
4384,24.6570415
4385,24.76193751
4386,24.63672263
4387,24.65562391
4388,24.76241
4389,24.63435995
4390,24.60033674
4391,24.63955784
4392,24.57812658
4393,24.77658435
4394,24.86965804
4395,24.92445913
4396,24.73075327
4397,24.69862311
4398,24.58474242
4399,24.64192052
4400,24.79075852
4401,24.8436738
4402,24.8521778
4403,24.91642811
4404,24.93532453
4405,24.66885462
4406,24.59277589
4407,24.62585425
4408,24.87343752
4409,24.79831801
4410,24.92965564
4411,24.95658262
4412,24.91075912
4413,24.84036667
4414,24.61
4415,24.59939164
4416,24.83469728
4417,24.86587855
4418,24.92445913
4419,24.69484303
4420,24.61
4421,24.6026995
4422,24.62679933
4423,24.58994055
4424,24.58237962
4425,24.6045897
4426,24.90650735
4427,24.9235143
4428,24.64995356
4429,24.78745123
4430,24.58994055
4431,24.64192052
4432,24.6026995
4433,24.5790717
4434,24.88335857
4435,24.91264878
4436,24.60
4437,24.5715107
4438,24.66176676
4439,24.88808285
4440,24.92682118
4441,24.85690222
4442,24.64
4443,24.62774441
4444,24.57623633
4445,24.55733367
4446,24.76099255
4447,24.61782102
4448,24.82808296
4449,24.90886944
4450,24.78
4451,24.59324844
4452,24.62538171
4453,24.55260796
4454,24.72177582
4455,24.92587636
4456,24.92067983
4457,24.92634877
4458,24.91548328
4459,24.89516924
4460,24.6537338
4461,24.56
4462,24.71846832
4463,24.76618984
4464,24.73217075
4465,24.73028077
4466,24.73406073
4467,24.74398306
4468,24.71988582
4469,24.73028077
4470,24.74162061
4471,24.72744579
4472,24.72272082
4473,24.76902472
4474,24.75154286
4475,24.76193751
4476,24.76571736
4477,24.78
4478,24.78178157
4479,24.79926294
4480,24.76288248
4481,24.81154698
